t,r
0.000000000000e+00,5.899999999410e+01
6.671114076051e-02,5.899999753628e+01
1.334222815210e-01,5.899998953174e+01
2.001334222815e-01,5.899997632647e+01
2.668445630420e-01,5.899995781492e+01
3.335557038025e-01,5.899993399124e+01
4.002668445630e-01,5.899990485573e+01
4.669779853235e-01,5.899987040769e+01
5.336891260841e-01,5.899983064626e+01
6.004002668446e-01,5.899978557087e+01
6.671114076051e-01,5.899973518090e+01
7.338225483656e-01,5.899967947569e+01
8.005336891261e-01,5.899961845461e+01
8.672448298866e-01,5.899955211702e+01
9.339559706471e-01,5.899948046228e+01
1.000667111408e+00,5.899940348977e+01
1.067378252168e+00,5.899932119883e+01
1.134089392929e+00,5.899923358884e+01
1.200800533689e+00,5.899914065914e+01
1.267511674450e+00,5.899904240910e+01
1.334222815210e+00,5.899893883809e+01
1.400933955971e+00,5.899882994545e+01
1.467645096731e+00,5.899871573054e+01
1.534356237492e+00,5.899859619272e+01
1.601067378252e+00,5.899847133136e+01
1.667778519013e+00,5.899834114579e+01
1.734489659773e+00,5.899820563538e+01
1.801200800534e+00,5.899806479948e+01
1.867911941294e+00,5.899791863745e+01
1.934623082055e+00,5.899776714863e+01
2.001334222815e+00,5.899761033239e+01
2.068045363576e+00,5.899744818806e+01
2.134756504336e+00,5.899728071500e+01
2.201467645097e+00,5.899710791256e+01
2.268178785857e+00,5.899692978009e+01
2.334889926618e+00,5.899674631694e+01
2.401601067378e+00,5.899655752246e+01
2.468312208139e+00,5.899636339598e+01
2.535023348899e+00,5.899616393686e+01
2.601734489660e+00,5.899595914445e+01
2.668445630420e+00,5.899574901808e+01
2.735156771181e+00,5.899553355711e+01
2.801867911941e+00,5.899531276087e+01
2.868579052702e+00,5.899508662871e+01
2.935290193462e+00,5.899485515997e+01
3.002001334223e+00,5.899461835399e+01
3.068712474983e+00,5.899437621011e+01
3.135423615744e+00,5.899412872767e+01
3.202134756504e+00,5.899387590601e+01
3.268845897265e+00,5.899361774447e+01
3.335557038025e+00,5.899335424239e+01
3.402268178786e+00,5.899308539910e+01
3.468979319546e+00,5.899281121394e+01
3.535690460307e+00,5.899253168625e+01
3.602401601067e+00,5.899224681535e+01
3.669112741828e+00,5.899195660059e+01
3.735823882588e+00,5.899166104129e+01
3.802535023349e+00,5.899136013680e+01
3.869246164109e+00,5.899105388643e+01
3.935957304870e+00,5.899074228953e+01
4.002668445630e+00,5.899042534542e+01
4.069379586391e+00,5.899010305343e+01
4.136090727151e+00,5.898977541289e+01
4.202801867912e+00,5.898944242313e+01
4.269513008672e+00,5.898910408348e+01
4.336224149433e+00,5.898876039326e+01
4.402935290193e+00,5.898841135180e+01
4.469646430954e+00,5.898805695843e+01
4.536357571714e+00,5.898769721247e+01
4.603068712475e+00,5.898733211324e+01
4.669779853235e+00,5.898696166007e+01
4.736490993996e+00,5.898658585227e+01
4.803202134757e+00,5.898620468918e+01
4.869913275517e+00,5.898581817010e+01
4.936624416278e+00,5.898542629437e+01
5.003335557038e+00,5.898502906130e+01
5.070046697799e+00,5.898462647022e+01
5.136757838559e+00,5.898421852042e+01
5.203468979320e+00,5.898380521125e+01
5.270180120080e+00,5.898338654200e+01
5.336891260841e+00,5.898296251201e+01
5.403602401601e+00,5.898253312057e+01
5.470313542362e+00,5.898209836701e+01
5.537024683122e+00,5.898165825065e+01
5.603735823883e+00,5.898121277078e+01
5.670446964643e+00,5.898076192673e+01
5.737158105404e+00,5.898030571781e+01
5.803869246164e+00,5.897984414333e+01
5.870580386925e+00,5.897937720259e+01
5.937291527685e+00,5.897890489491e+01
6.004002668446e+00,5.897842721960e+01
6.070713809206e+00,5.897794417595e+01
6.137424949967e+00,5.897745576329e+01
6.204136090727e+00,5.897696198091e+01
6.270847231488e+00,5.897646282813e+01
6.337558372248e+00,5.897595830424e+01
6.404269513009e+00,5.897544840854e+01
6.470980653769e+00,5.897493314036e+01
6.537691794530e+00,5.897441249897e+01
6.604402935290e+00,5.897388648370e+01
6.671114076051e+00,5.897335509383e+01
6.737825216811e+00,5.897281832867e+01
6.804536357572e+00,5.897227618752e+01
6.871247498332e+00,5.897172866967e+01
6.937958639093e+00,5.897117577443e+01
7.004669779853e+00,5.897061750109e+01
7.071380920614e+00,5.897005384895e+01
7.138092061374e+00,5.896948481730e+01
7.204803202135e+00,5.896891040544e+01
7.271514342895e+00,5.896833061267e+01
7.338225483656e+00,5.896774543827e+01
7.404936624416e+00,5.896715488153e+01
7.471647765177e+00,5.896655894176e+01
7.538358905937e+00,5.896595761825e+01
7.605070046698e+00,5.896535091027e+01
7.671781187458e+00,5.896473881713e+01
7.738492328219e+00,5.896412133810e+01
7.805203468979e+00,5.896349847249e+01
7.871914609740e+00,5.896287021957e+01
7.938625750500e+00,5.896223657864e+01
8.005336891261e+00,5.896159754897e+01
8.072048032021e+00,5.896095312986e+01
8.138759172782e+00,5.896030332059e+01
8.205470313542e+00,5.895964812044e+01
8.272181454303e+00,5.895898752869e+01
8.338892595063e+00,5.895832154463e+01
8.405603735824e+00,5.895765016754e+01
8.472314876584e+00,5.895697339670e+01
8.539026017345e+00,5.895629123139e+01
8.605737158105e+00,5.895560367088e+01
8.672448298866e+00,5.895491071446e+01
8.739159439626e+00,5.895421236140e+01
8.805870580387e+00,5.895350861098e+01
8.872581721147e+00,5.895279946248e+01
8.939292861908e+00,5.895208491517e+01
9.006004002668e+00,5.895136496832e+01
9.072715143429e+00,5.895063962122e+01
9.139426284189e+00,5.894990887312e+01
9.206137424950e+00,5.894917272331e+01
9.272848565710e+00,5.894843117105e+01
9.339559706471e+00,5.894768421562e+01
9.406270847231e+00,5.894693185628e+01
9.472981987992e+00,5.894617409231e+01
9.539693128753e+00,5.894541092296e+01
9.606404269513e+00,5.894464234752e+01
9.673115410274e+00,5.894386836525e+01
9.739826551034e+00,5.894308897541e+01
9.806537691795e+00,5.894230417726e+01
9.873248832555e+00,5.894151397007e+01
9.939959973316e+00,5.894071835312e+01
1.000667111408e+01,5.893991732564e+01
1.007338225484e+01,5.893911088692e+01
1.014009339560e+01,5.893829903621e+01
1.020680453636e+01,5.893748177277e+01
1.027351567712e+01,5.893665909586e+01
1.034022681788e+01,5.893583100474e+01
1.040693795864e+01,5.893499749867e+01
1.047364909940e+01,5.893415857690e+01
1.054036024016e+01,5.893331423870e+01
1.060707138092e+01,5.893246448331e+01
1.067378252168e+01,5.893160930999e+01
1.074049366244e+01,5.893074871800e+01
1.080720480320e+01,5.892988270659e+01
1.087391594396e+01,5.892901127501e+01
1.094062708472e+01,5.892813442252e+01
1.100733822548e+01,5.892725214835e+01
1.107404936624e+01,5.892636445178e+01
1.114076050700e+01,5.892547133203e+01
1.120747164777e+01,5.892457278837e+01
1.127418278853e+01,5.892366882004e+01
1.134089392929e+01,5.892275942629e+01
1.140760507005e+01,5.892184460636e+01
1.147431621081e+01,5.892092435950e+01
1.154102735157e+01,5.891999868496e+01
1.160773849233e+01,5.891906758197e+01
1.167444963309e+01,5.891813104978e+01
1.174116077385e+01,5.891718908763e+01
1.180787191461e+01,5.891624169477e+01
1.187458305537e+01,5.891528887043e+01
1.194129419613e+01,5.891433061386e+01
1.200800533689e+01,5.891336692429e+01
1.207471647765e+01,5.891239780096e+01
1.214142761841e+01,5.891142324311e+01
1.220813875917e+01,5.891044324997e+01
1.227484989993e+01,5.890945782079e+01
1.234156104069e+01,5.890846695479e+01
1.240827218145e+01,5.890747065121e+01
1.247498332221e+01,5.890646890929e+01
1.254169446298e+01,5.890546172825e+01
1.260840560374e+01,5.890444910733e+01
1.267511674450e+01,5.890343104576e+01
1.274182788526e+01,5.890240754277e+01
1.280853902602e+01,5.890137859759e+01
1.287525016678e+01,5.890034420944e+01
1.294196130754e+01,5.889930437756e+01
1.300867244830e+01,5.889825910117e+01
1.307538358906e+01,5.889720837950e+01
1.314209472982e+01,5.889615221177e+01
1.320880587058e+01,5.889509059721e+01
1.327551701134e+01,5.889402353504e+01
1.334222815210e+01,5.889295102448e+01
1.340893929286e+01,5.889187306476e+01
1.347565043362e+01,5.889078965510e+01
1.354236157438e+01,5.888970079471e+01
1.360907271514e+01,5.888860648282e+01
1.367578385590e+01,5.888750671865e+01
1.374249499666e+01,5.888640150141e+01
1.380920613742e+01,5.888529083032e+01
1.387591727819e+01,5.888417470460e+01
1.394262841895e+01,5.888305312346e+01
1.400933955971e+01,5.888192608611e+01
1.407605070047e+01,5.888079359178e+01
1.414276184123e+01,5.887965563968e+01
1.420947298199e+01,5.887851222901e+01
1.427618412275e+01,5.887736335898e+01
1.434289526351e+01,5.887620902882e+01
1.440960640427e+01,5.887504923772e+01
1.447631754503e+01,5.887388398490e+01
1.454302868579e+01,5.887271326956e+01
1.460973982655e+01,5.887153709092e+01
1.467645096731e+01,5.887035544817e+01
1.474316210807e+01,5.886916834053e+01
1.480987324883e+01,5.886797576719e+01
1.487658438959e+01,5.886677772737e+01
1.494329553035e+01,5.886557422026e+01
1.501000667111e+01,5.886436524507e+01
1.507671781187e+01,5.886315080100e+01
1.514342895264e+01,5.886193088725e+01
1.521014009340e+01,5.886070550302e+01
1.527685123416e+01,5.885947464751e+01
1.534356237492e+01,5.885823831991e+01
1.541027351568e+01,5.885699651943e+01
1.547698465644e+01,5.885574924525e+01
1.554369579720e+01,5.885449649658e+01
1.561040693796e+01,5.885323827262e+01
1.567711807872e+01,5.885197457254e+01
1.574382921948e+01,5.885070539555e+01
1.581054036024e+01,5.884943074084e+01
1.587725150100e+01,5.884815060760e+01
1.594396264176e+01,5.884686499503e+01
1.601067378252e+01,5.884557390230e+01
1.607738492328e+01,5.884427732861e+01
1.614409606404e+01,5.884297527315e+01
1.621080720480e+01,5.884166773510e+01
1.627751834556e+01,5.884035471365e+01
1.634422948632e+01,5.883903620799e+01
1.641094062708e+01,5.883771221730e+01
1.647765176785e+01,5.883638274077e+01
1.654436290861e+01,5.883504777757e+01
1.661107404937e+01,5.883370732689e+01
1.667778519013e+01,5.883236138791e+01
1.674449633089e+01,5.883100995981e+01
1.681120747165e+01,5.882965304177e+01
1.687791861241e+01,5.882829063297e+01
1.694462975317e+01,5.882692273258e+01
1.701134089393e+01,5.882554933979e+01
1.707805203469e+01,5.882417045377e+01
1.714476317545e+01,5.882278607369e+01
1.721147431621e+01,5.882139619873e+01
1.727818545697e+01,5.882000082806e+01
1.734489659773e+01,5.881859996086e+01
1.741160773849e+01,5.881719359629e+01
1.747831887925e+01,5.881578173353e+01
1.754503002001e+01,5.881436437175e+01
1.761174116077e+01,5.881294151012e+01
1.767845230153e+01,5.881151314779e+01
1.774516344229e+01,5.881007928396e+01
1.781187458306e+01,5.880863991777e+01
1.787858572382e+01,5.880719504839e+01
1.794529686458e+01,5.880574467499e+01
1.801200800534e+01,5.880428879674e+01
1.807871914610e+01,5.880282741279e+01
1.814543028686e+01,5.880136052231e+01
1.821214142762e+01,5.879988812447e+01
1.827885256838e+01,5.879841021841e+01
1.834556370914e+01,5.879692680330e+01
1.841227484990e+01,5.879543787830e+01
1.847898599066e+01,5.879394344257e+01
1.854569713142e+01,5.879244349526e+01
1.861240827218e+01,5.879093803553e+01
1.867911941294e+01,5.878942706253e+01
1.874583055370e+01,5.878791057542e+01
1.881254169446e+01,5.878638857336e+01
1.887925283522e+01,5.878486105549e+01
1.894596397598e+01,5.878332802097e+01
1.901267511674e+01,5.878178946895e+01
1.907938625751e+01,5.878024539857e+01
1.914609739827e+01,5.877869580900e+01
1.921280853903e+01,5.877714069936e+01
1.927951967979e+01,5.877558006882e+01
1.934623082055e+01,5.877401391652e+01
1.941294196131e+01,5.877244224161e+01
1.947965310207e+01,5.877086504322e+01
1.954636424283e+01,5.876928232051e+01
1.961307538359e+01,5.876769407261e+01
1.967978652435e+01,5.876610029867e+01
1.974649766511e+01,5.876450099783e+01
1.981320880587e+01,5.876289616923e+01
1.987991994663e+01,5.876128581200e+01
1.994663108739e+01,5.875966992530e+01
2.001334222815e+01,5.875804850825e+01
2.008005336891e+01,5.875642155999e+01
2.014676450967e+01,5.875478907966e+01
2.021347565043e+01,5.875315106639e+01
2.028018679119e+01,5.875150751932e+01
2.034689793195e+01,5.874985843757e+01
2.041360907272e+01,5.874820382029e+01
2.048032021348e+01,5.874654366660e+01
2.054703135424e+01,5.874487797564e+01
2.061374249500e+01,5.874320674653e+01
2.068045363576e+01,5.874152997840e+01
2.074716477652e+01,5.873984767037e+01
2.081387591728e+01,5.873815982159e+01
2.088058705804e+01,5.873646643117e+01
2.094729819880e+01,5.873476749823e+01
2.101400933956e+01,5.873306302191e+01
2.108072048032e+01,5.873135300132e+01
2.114743162108e+01,5.872963743558e+01
2.121414276184e+01,5.872791632383e+01
2.128085390260e+01,5.872618966517e+01
2.134756504336e+01,5.872445745873e+01
2.141427618412e+01,5.872271970363e+01
2.148098732488e+01,5.872097639898e+01
2.154769846564e+01,5.871922754391e+01
2.161440960640e+01,5.871747313752e+01
2.168112074716e+01,5.871571317894e+01
2.174783188793e+01,5.871394766727e+01
2.181454302869e+01,5.871217660163e+01
2.188125416945e+01,5.871039998114e+01
2.194796531021e+01,5.870861780489e+01
2.201467645097e+01,5.870683007202e+01
2.208138759173e+01,5.870503678161e+01
2.214809873249e+01,5.870323793279e+01
2.221480987325e+01,5.870143352466e+01
2.228152101401e+01,5.869962355633e+01
2.234823215477e+01,5.869780802690e+01
2.241494329553e+01,5.869598693547e+01
2.248165443629e+01,5.869416028116e+01
2.254836557705e+01,5.869232806307e+01
2.261507671781e+01,5.869049028029e+01
2.268178785857e+01,5.868864693193e+01
2.274849899933e+01,5.868679801709e+01
2.281521014009e+01,5.868494353486e+01
2.288192128085e+01,5.868308348436e+01
2.294863242161e+01,5.868121786467e+01
2.301534356237e+01,5.867934667489e+01
2.308205470314e+01,5.867746991411e+01
2.314876584390e+01,5.867558758144e+01
2.321547698466e+01,5.867369967596e+01
2.328218812542e+01,5.867180619678e+01
2.334889926618e+01,5.866990714297e+01
2.341561040694e+01,5.866800251363e+01
2.348232154770e+01,5.866609230786e+01
2.354903268846e+01,5.866417652474e+01
2.361574382922e+01,5.866225516335e+01
2.368245496998e+01,5.866032822280e+01
2.374916611074e+01,5.865839570215e+01
2.381587725150e+01,5.865645760051e+01
2.388258839226e+01,5.865451391694e+01
2.394929953302e+01,5.865256465055e+01
2.401601067378e+01,5.865060980040e+01
2.408272181454e+01,5.864864936558e+01
2.414943295530e+01,5.864668334518e+01
2.421614409606e+01,5.864471173827e+01
2.428285523682e+01,5.864273454392e+01
2.434956637759e+01,5.864075176123e+01
2.441627751835e+01,5.863876338926e+01
2.448298865911e+01,5.863676942709e+01
2.454969979987e+01,5.863476987380e+01
2.461641094063e+01,5.863276472845e+01
2.468312208139e+01,5.863075399014e+01
2.474983322215e+01,5.862873765791e+01
2.481654436291e+01,5.862671573086e+01
2.488325550367e+01,5.862468820804e+01
2.494996664443e+01,5.862265508853e+01
2.501667778519e+01,5.862061637139e+01
2.508338892595e+01,5.861857205570e+01
2.515010006671e+01,5.861652214051e+01
2.521681120747e+01,5.861446662490e+01
2.528352234823e+01,5.861240550793e+01
2.535023348899e+01,5.861033878866e+01
2.541694462975e+01,5.860826646616e+01
2.548365577051e+01,5.860618853949e+01
2.555036691127e+01,5.860410500770e+01
2.561707805203e+01,5.860201586986e+01
2.568378919280e+01,5.859992112503e+01
2.575050033356e+01,5.859782077226e+01
2.581721147432e+01,5.859571481061e+01
2.588392261508e+01,5.859360323915e+01
2.595063375584e+01,5.859148605691e+01
2.601734489660e+01,5.858936326296e+01
2.608405603736e+01,5.858723485635e+01
2.615076717812e+01,5.858510083613e+01
2.621747831888e+01,5.858296120136e+01
2.628418945964e+01,5.858081595107e+01
2.635090060040e+01,5.857866508433e+01
2.641761174116e+01,5.857650860018e+01
2.648432288192e+01,5.857434649767e+01
2.655103402268e+01,5.857217877584e+01
2.661774516344e+01,5.857000543373e+01
2.668445630420e+01,5.856782647041e+01
2.675116744496e+01,5.856564188489e+01
2.681787858572e+01,5.856345167624e+01
2.688458972648e+01,5.856125584349e+01
2.695130086724e+01,5.855905438567e+01
2.701801200801e+01,5.855684730184e+01
2.708472314877e+01,5.855463459103e+01
2.715143428953e+01,5.855241625227e+01
2.721814543029e+01,5.855019228460e+01
2.728485657105e+01,5.854796268706e+01
2.735156771181e+01,5.854572745868e+01
2.741827885257e+01,5.854348659850e+01
2.748498999333e+01,5.854124010555e+01
2.755170113409e+01,5.853898797885e+01
2.761841227485e+01,5.853673021745e+01
2.768512341561e+01,5.853446682036e+01
2.775183455637e+01,5.853219778662e+01
2.781854569713e+01,5.852992311526e+01
2.788525683789e+01,5.852764280530e+01
2.795196797865e+01,5.852535685577e+01
2.801867911941e+01,5.852306526569e+01
2.808539026017e+01,5.852076803409e+01
2.815210140093e+01,5.851846515998e+01
2.821881254169e+01,5.851615664240e+01
2.828552368245e+01,5.851384248035e+01
2.835223482322e+01,5.851152267287e+01
2.841894596398e+01,5.850919721896e+01
2.848565710474e+01,5.850686611765e+01
2.855236824550e+01,5.850452936796e+01
2.861907938626e+01,5.850218696889e+01
2.868579052702e+01,5.849983891946e+01
2.875250166778e+01,5.849748521869e+01
2.881921280854e+01,5.849512586559e+01
2.888592394930e+01,5.849276085917e+01
2.895263509006e+01,5.849039019844e+01
2.901934623082e+01,5.848801388242e+01
2.908605737158e+01,5.848563191010e+01
2.915276851234e+01,5.848324428049e+01
2.921947965310e+01,5.848085099262e+01
2.928619079386e+01,5.847845204547e+01
2.935290193462e+01,5.847604743805e+01
2.941961307538e+01,5.847363716937e+01
2.948632421614e+01,5.847122123842e+01
2.955303535690e+01,5.846879964422e+01
2.961974649767e+01,5.846637238576e+01
2.968645763843e+01,5.846393946204e+01
2.975316877919e+01,5.846150087206e+01
2.981987991995e+01,5.845905661481e+01
2.988659106071e+01,5.845660668930e+01
2.995330220147e+01,5.845415109451e+01
3.002001334223e+01,5.845168982945e+01
3.008672448299e+01,5.844922289310e+01
3.015343562375e+01,5.844675028445e+01
3.022014676451e+01,5.844427200251e+01
3.028685790527e+01,5.844178804625e+01
3.035356904603e+01,5.843929841467e+01
3.042028018679e+01,5.843680310676e+01
3.048699132755e+01,5.843430212150e+01
3.055370246831e+01,5.843179545788e+01
3.062041360907e+01,5.842928311488e+01
3.068712474983e+01,5.842676509149e+01
3.075383589059e+01,5.842424138669e+01
3.082054703135e+01,5.842171199947e+01
3.088725817211e+01,5.841917692879e+01
3.095396931288e+01,5.841663617365e+01
3.102068045364e+01,5.841408973303e+01
3.108739159440e+01,5.841153760589e+01
3.115410273516e+01,5.840897979122e+01
3.122081387592e+01,5.840641628799e+01
3.128752501668e+01,5.840384709518e+01
3.135423615744e+01,5.840127221176e+01
3.142094729820e+01,5.839869163670e+01
3.148765843896e+01,5.839610536898e+01
3.155436957972e+01,5.839351340756e+01
3.162108072048e+01,5.839091575141e+01
3.168779186124e+01,5.838831239951e+01
3.175450300200e+01,5.838570335082e+01
3.182121414276e+01,5.838308860431e+01
3.188792528352e+01,5.838046815893e+01
3.195463642428e+01,5.837784201367e+01
3.202134756504e+01,5.837521016747e+01
3.208805870580e+01,5.837257261930e+01
3.215476984656e+01,5.836992936812e+01
3.222148098732e+01,5.836728041290e+01
3.228819212809e+01,5.836462575259e+01
3.235490326885e+01,5.836196538614e+01
3.242161440961e+01,5.835929931252e+01
3.248832555037e+01,5.835662753068e+01
3.255503669113e+01,5.835395003958e+01
3.262174783189e+01,5.835126683816e+01
3.268845897265e+01,5.834857792539e+01
3.275517011341e+01,5.834588330021e+01
3.282188125417e+01,5.834318296157e+01
3.288859239493e+01,5.834047690842e+01
3.295530353569e+01,5.833776513972e+01
3.302201467645e+01,5.833504765440e+01
3.308872581721e+01,5.833232445142e+01
3.315543695797e+01,5.832959552972e+01
3.322214809873e+01,5.832686088824e+01
3.328885923949e+01,5.832412052592e+01
3.335557038025e+01,5.832137444172e+01
3.342228152101e+01,5.831862263456e+01
3.348899266177e+01,5.831586510339e+01
3.355570380254e+01,5.831310184715e+01
3.362241494330e+01,5.831033286477e+01
3.368912608406e+01,5.830755815519e+01
3.375583722482e+01,5.830477771735e+01
3.382254836558e+01,5.830199155018e+01
3.388925950634e+01,5.829919965261e+01
3.395597064710e+01,5.829640202357e+01
3.402268178786e+01,5.829359866201e+01
3.408939292862e+01,5.829078956684e+01
3.415610406938e+01,5.828797473699e+01
3.422281521014e+01,5.828515417140e+01
3.428952635090e+01,5.828232786899e+01
3.435623749166e+01,5.827949582868e+01
3.442294863242e+01,5.827665804940e+01
3.448965977318e+01,5.827381453008e+01
3.455637091394e+01,5.827096526963e+01
3.462308205470e+01,5.826811026697e+01
3.468979319546e+01,5.826524952104e+01
3.475650433622e+01,5.826238303074e+01
3.482321547698e+01,5.825951079499e+01
3.488992661775e+01,5.825663281271e+01
3.495663775851e+01,5.825374908282e+01
3.502334889927e+01,5.825085960423e+01
3.509006004003e+01,5.824796437585e+01
3.515677118079e+01,5.824506339660e+01
3.522348232155e+01,5.824215666539e+01
3.529019346231e+01,5.823924418112e+01
3.535690460307e+01,5.823632594271e+01
3.542361574383e+01,5.823340194907e+01
3.549032688459e+01,5.823047219910e+01
3.555703802535e+01,5.822753669170e+01
3.562374916611e+01,5.822459542579e+01
3.569046030687e+01,5.822164840026e+01
3.575717144763e+01,5.821869561403e+01
3.582388258839e+01,5.821573706598e+01
3.589059372915e+01,5.821277275502e+01
3.595730486991e+01,5.820980268005e+01
3.602401601067e+01,5.820682683996e+01
3.609072715143e+01,5.820384523366e+01
3.615743829219e+01,5.820085786004e+01
3.622414943296e+01,5.819786471799e+01
3.629086057372e+01,5.819486580641e+01
3.635757171448e+01,5.819186112419e+01
3.642428285524e+01,5.818885067022e+01
3.649099399600e+01,5.818583444339e+01
3.655770513676e+01,5.818281244259e+01
3.662441627752e+01,5.817978466671e+01
3.669112741828e+01,5.817675111463e+01
3.675783855904e+01,5.817371178524e+01
3.682454969980e+01,5.817066667743e+01
3.689126084056e+01,5.816761579007e+01
3.695797198132e+01,5.816455912206e+01
3.702468312208e+01,5.816149667226e+01
3.709139426284e+01,5.815842843957e+01
3.715810540360e+01,5.815535442285e+01
3.722481654436e+01,5.815227462100e+01
3.729152768512e+01,5.814918903287e+01
3.735823882588e+01,5.814609765736e+01
3.742494996664e+01,5.814300049333e+01
3.749166110740e+01,5.813989753965e+01
3.755837224817e+01,5.813678879521e+01
3.762508338893e+01,5.813367425886e+01
3.769179452969e+01,5.813055392948e+01
3.775850567045e+01,5.812742780594e+01
3.782521681121e+01,5.812429588711e+01
3.789192795197e+01,5.812115817184e+01
3.795863909273e+01,5.811801465901e+01
3.802535023349e+01,5.811486534748e+01
3.809206137425e+01,5.811171023612e+01
3.815877251501e+01,5.810854932377e+01
3.822548365577e+01,5.810538260932e+01
3.829219479653e+01,5.810221009160e+01
3.835890593729e+01,5.809903176949e+01
3.842561707805e+01,5.809584764184e+01
3.849232821881e+01,5.809265770750e+01
3.855903935957e+01,5.808946196533e+01
3.862575050033e+01,5.808626041418e+01
3.869246164109e+01,5.808305305291e+01
3.875917278185e+01,5.807983988037e+01
3.882588392262e+01,5.807662089540e+01
3.889259506338e+01,5.807339609686e+01
3.895930620414e+01,5.807016548359e+01
3.902601734490e+01,5.806692905443e+01
3.909272848566e+01,5.806368680825e+01
3.915943962642e+01,5.806043874387e+01
3.922615076718e+01,5.805718486015e+01
3.929286190794e+01,5.805392515591e+01
3.935957304870e+01,5.805065963002e+01
3.942628418946e+01,5.804738828129e+01
3.949299533022e+01,5.804411110858e+01
3.955970647098e+01,5.804082811071e+01
3.962641761174e+01,5.803753928654e+01
3.969312875250e+01,5.803424463488e+01
3.975983989326e+01,5.803094415457e+01
3.982655103402e+01,5.802763784445e+01
3.989326217478e+01,5.802432570335e+01
3.995997331554e+01,5.802100773009e+01
4.002668445630e+01,5.801768392351e+01
4.009339559706e+01,5.801435428243e+01
4.016010673783e+01,5.801101880568e+01
4.022681787859e+01,5.800767749209e+01
4.029352901935e+01,5.800433034047e+01
4.036024016011e+01,5.800097734966e+01
4.042695130087e+01,5.799761851847e+01
4.049366244163e+01,5.799425384572e+01
4.056037358239e+01,5.799088333024e+01
4.062708472315e+01,5.798750697084e+01
4.069379586391e+01,5.798412476633e+01
4.076050700467e+01,5.798073671554e+01
4.082721814543e+01,5.797734281728e+01
4.089392928619e+01,5.797394307036e+01
4.096064042695e+01,5.797053747359e+01
4.102735156771e+01,5.796712602579e+01
4.109406270847e+01,5.796370872576e+01
4.116077384923e+01,5.796028557231e+01
4.122748498999e+01,5.795685656425e+01
4.129419613075e+01,5.795342170039e+01
4.136090727151e+01,5.794998097953e+01
4.142761841227e+01,5.794653440047e+01
4.149432955304e+01,5.794308196202e+01
4.156104069380e+01,5.793962366298e+01
4.162775183456e+01,5.793615950214e+01
4.169446297532e+01,5.793268947831e+01
4.176117411608e+01,5.792921359029e+01
4.182788525684e+01,5.792573183686e+01
4.189459639760e+01,5.792224421683e+01
4.196130753836e+01,5.791875072899e+01
4.202801867912e+01,5.791525137213e+01
4.209472981988e+01,5.791174614505e+01
4.216144096064e+01,5.790823504652e+01
4.222815210140e+01,5.790471807535e+01
4.229486324216e+01,5.790119523032e+01
4.236157438292e+01,5.789766651022e+01
4.242828552368e+01,5.789413191382e+01
4.249499666444e+01,5.789059143993e+01
4.256170780520e+01,5.788704508731e+01
4.262841894596e+01,5.788349285475e+01
4.269513008672e+01,5.787993474103e+01
4.276184122748e+01,5.787637074493e+01
4.282855236825e+01,5.787280086523e+01
4.289526350901e+01,5.786922510070e+01
4.296197464977e+01,5.786564345012e+01
4.302868579053e+01,5.786205591226e+01
4.309539693129e+01,5.785846248590e+01
4.316210807205e+01,5.785486316981e+01
4.322881921281e+01,5.785125796276e+01
4.329553035357e+01,5.784764686351e+01
4.336224149433e+01,5.784402987084e+01
4.342895263509e+01,5.784040698351e+01
4.349566377585e+01,5.783677820028e+01
4.356237491661e+01,5.783314351993e+01
4.362908605737e+01,5.782950294122e+01
4.369579719813e+01,5.782585646289e+01
4.376250833889e+01,5.782220408373e+01
4.382921947965e+01,5.781854580248e+01
4.389593062041e+01,5.781488161790e+01
4.396264176117e+01,5.781121152875e+01
4.402935290193e+01,5.780753553379e+01
4.409606404270e+01,5.780385363176e+01
4.416277518346e+01,5.780016582143e+01
4.422948632422e+01,5.779647210154e+01
4.429619746498e+01,5.779277247085e+01
4.436290860574e+01,5.778906692809e+01
4.442961974650e+01,5.778535547203e+01
4.449633088726e+01,5.778163810140e+01
4.456304202802e+01,5.777791481496e+01
4.462975316878e+01,5.777418561144e+01
4.469646430954e+01,5.777045048958e+01
4.476317545030e+01,5.776670944814e+01
4.482988659106e+01,5.776296248585e+01
4.489659773182e+01,5.775920960145e+01
4.496330887258e+01,5.775545079367e+01
4.503002001334e+01,5.775168606125e+01
4.509673115410e+01,5.774791540293e+01
4.516344229486e+01,5.774413881744e+01
4.523015343562e+01,5.774035630352e+01
4.529686457638e+01,5.773656785988e+01
4.536357571714e+01,5.773277348528e+01
4.543028685791e+01,5.772897317842e+01
4.549699799867e+01,5.772516693804e+01
4.556370913943e+01,5.772135476287e+01
4.563042028019e+01,5.771753665163e+01
4.569713142095e+01,5.771371260304e+01
4.576384256171e+01,5.770988261583e+01
4.583055370247e+01,5.770604668871e+01
4.589726484323e+01,5.770220482041e+01
4.596397598399e+01,5.769835700964e+01
4.603068712475e+01,5.769450325513e+01
4.609739826551e+01,5.769064355557e+01
4.616410940627e+01,5.768677790970e+01
4.623082054703e+01,5.768290631622e+01
4.629753168779e+01,5.767902877385e+01
4.636424282855e+01,5.767514528129e+01
4.643095396931e+01,5.767125583725e+01
4.649766511007e+01,5.766736044044e+01
4.656437625083e+01,5.766345908957e+01
4.663108739159e+01,5.765955178335e+01
4.669779853235e+01,5.765563852047e+01
4.676450967312e+01,5.765171929964e+01
4.683122081388e+01,5.764779411956e+01
4.689793195464e+01,5.764386297893e+01
4.696464309540e+01,5.763992587644e+01
4.703135423616e+01,5.763598281080e+01
4.709806537692e+01,5.763203378070e+01
4.716477651768e+01,5.762807878484e+01
4.723148765844e+01,5.762411782191e+01
4.729819879920e+01,5.762015089059e+01
4.736490993996e+01,5.761617798959e+01
4.743162108072e+01,5.761219911758e+01
4.749833222148e+01,5.760821427326e+01
4.756504336224e+01,5.760422345532e+01
4.763175450300e+01,5.760022666243e+01
4.769846564376e+01,5.759622389329e+01
4.776517678452e+01,5.759221514657e+01
4.783188792528e+01,5.758820042096e+01
4.789859906604e+01,5.758417971514e+01
4.796531020680e+01,5.758015302777e+01
4.803202134757e+01,5.757612035755e+01
4.809873248833e+01,5.757208170315e+01
4.816544362909e+01,5.756803706324e+01
4.823215476985e+01,5.756398643649e+01
4.829886591061e+01,5.755992982158e+01
4.836557705137e+01,5.755586721718e+01
4.843228819213e+01,5.755179862195e+01
4.849899933289e+01,5.754772403456e+01
4.856571047365e+01,5.754364345368e+01
4.863242161441e+01,5.753955687798e+01
4.869913275517e+01,5.753546430611e+01
4.876584389593e+01,5.753136573674e+01
4.883255503669e+01,5.752726116854e+01
4.889926617745e+01,5.752315060015e+01
4.896597731821e+01,5.751903403024e+01
4.903268845897e+01,5.751491145747e+01
4.909939959973e+01,5.751078288048e+01
4.916611074049e+01,5.750664829794e+01
4.923282188125e+01,5.750250770850e+01
4.929953302201e+01,5.749836111080e+01
4.936624416278e+01,5.749420850350e+01
4.943295530354e+01,5.749004988525e+01
4.949966644430e+01,5.748588525469e+01
4.956637758506e+01,5.748171461047e+01
4.963308872582e+01,5.747753795123e+01
4.969979986658e+01,5.747335527562e+01
4.976651100734e+01,5.746916658228e+01
4.983322214810e+01,5.746497186984e+01
4.989993328886e+01,5.746077113695e+01
4.996664442962e+01,5.745656438224e+01
5.003335557038e+01,5.745235160436e+01
5.010006671114e+01,5.744813280193e+01
5.016677785190e+01,5.744390797358e+01
5.023348899266e+01,5.743967711796e+01
5.030020013342e+01,5.743544023368e+01
5.036691127418e+01,5.743119731939e+01
5.043362241494e+01,5.742694837370e+01
5.050033355570e+01,5.742269339524e+01
5.056704469646e+01,5.741843238264e+01
5.063375583722e+01,5.741416533453e+01
5.070046697799e+01,5.740989224951e+01
5.076717811875e+01,5.740561312622e+01
5.083388925951e+01,5.740132796327e+01
5.090060040027e+01,5.739703675929e+01
5.096731154103e+01,5.739273951288e+01
5.103402268179e+01,5.738843622266e+01
5.110073382255e+01,5.738412688725e+01
5.116744496331e+01,5.737981150525e+01
5.123415610407e+01,5.737549007529e+01
5.130086724483e+01,5.737116259596e+01
5.136757838559e+01,5.736682906588e+01
5.143428952635e+01,5.736248948365e+01
5.150100066711e+01,5.735814384787e+01
5.156771180787e+01,5.735379215716e+01
5.163442294863e+01,5.734943441011e+01
5.170113408939e+01,5.734507060533e+01
5.176784523015e+01,5.734070074140e+01
5.183455637091e+01,5.733632481694e+01
5.190126751167e+01,5.733194283054e+01
5.196797865243e+01,5.732755478079e+01
5.203468979320e+01,5.732316066628e+01
5.210140093396e+01,5.731876048561e+01
5.216811207472e+01,5.731435423738e+01
5.223482321548e+01,5.730994192016e+01
5.230153435624e+01,5.730552353254e+01
5.236824549700e+01,5.730109907312e+01
5.243495663776e+01,5.729666854048e+01
5.250166777852e+01,5.729223193319e+01
5.256837891928e+01,5.728778924985e+01
5.263509006004e+01,5.728334048903e+01
5.270180120080e+01,5.727888564932e+01
5.276851234156e+01,5.727442472929e+01
5.283522348232e+01,5.726995772751e+01
5.290193462308e+01,5.726548464256e+01
5.296864576384e+01,5.726100547302e+01
5.303535690460e+01,5.725652021746e+01
5.310206804536e+01,5.725202887444e+01
5.316877918612e+01,5.724753144253e+01
5.323549032688e+01,5.724302792032e+01
5.330220146765e+01,5.723851830635e+01
5.336891260841e+01,5.723400259919e+01
5.343562374917e+01,5.722948079741e+01
5.350233488993e+01,5.722495289957e+01
5.356904603069e+01,5.722041890423e+01
5.363575717145e+01,5.721587880994e+01
5.370246831221e+01,5.721133261527e+01
5.376917945297e+01,5.720678031877e+01
5.383589059373e+01,5.720222191899e+01
5.390260173449e+01,5.719765741450e+01
5.396931287525e+01,5.719308680382e+01
5.403602401601e+01,5.718851008553e+01
5.410273515677e+01,5.718392725817e+01
5.416944629753e+01,5.717933832027e+01
5.423615743829e+01,5.717474327040e+01
5.430286857905e+01,5.717014210708e+01
5.436957971981e+01,5.716553482887e+01
5.443629086057e+01,5.716092143431e+01
5.450300200133e+01,5.715630192193e+01
5.456971314209e+01,5.715167629028e+01
5.463642428286e+01,5.714704453788e+01
5.470313542362e+01,5.714240666327e+01
5.476984656438e+01,5.713776266500e+01
5.483655770514e+01,5.713311254158e+01
5.490326884590e+01,5.712845629155e+01
5.496997998666e+01,5.712379391344e+01
5.503669112742e+01,5.711912540577e+01
5.510340226818e+01,5.711445076707e+01
5.517011340894e+01,5.710976999587e+01
5.523682454970e+01,5.710508309069e+01
5.530353569046e+01,5.710039005004e+01
5.537024683122e+01,5.709569087246e+01
5.543695797198e+01,5.709098555645e+01
5.550366911274e+01,5.708627410053e+01
5.557038025350e+01,5.708155650323e+01
5.563709139426e+01,5.707683276304e+01
5.570380253502e+01,5.707210287849e+01
5.577051367578e+01,5.706736684809e+01
5.583722481654e+01,5.706262467034e+01
5.590393595730e+01,5.705787634375e+01
5.597064709807e+01,5.705312186683e+01
5.603735823883e+01,5.704836123808e+01
5.610406937959e+01,5.704359445600e+01
5.617078052035e+01,5.703882151910e+01
5.623749166111e+01,5.703404242588e+01
5.630420280187e+01,5.702925717483e+01
5.637091394263e+01,5.702446576446e+01
5.643762508339e+01,5.701966819324e+01
5.650433622415e+01,5.701486445969e+01
5.657104736491e+01,5.701005456229e+01
5.663775850567e+01,5.700523849954e+01
5.670446964643e+01,5.700041626991e+01
5.677118078719e+01,5.699558787190e+01
5.683789192795e+01,5.699075330400e+01
5.690460306871e+01,5.698591256468e+01
5.697131420947e+01,5.698106565244e+01
5.703802535023e+01,5.697621256575e+01
5.710473649099e+01,5.697135330310e+01
5.717144763175e+01,5.696648786295e+01
5.723815877252e+01,5.696161624379e+01
5.730486991328e+01,5.695673844409e+01
5.737158105404e+01,5.695185446233e+01
5.743829219480e+01,5.694696429698e+01
5.750500333556e+01,5.694206794650e+01
5.757171447632e+01,5.693716540937e+01
5.763842561708e+01,5.693225668405e+01
5.770513675784e+01,5.692734176900e+01
5.777184789860e+01,5.692242066271e+01
5.783855903936e+01,5.691749336361e+01
5.790527018012e+01,5.691255987018e+01
5.797198132088e+01,5.690762018088e+01
5.803869246164e+01,5.690267429415e+01
5.810540360240e+01,5.689772220847e+01
5.817211474316e+01,5.689276392228e+01
5.823882588392e+01,5.688779943403e+01
5.830553702468e+01,5.688282874218e+01
5.837224816544e+01,5.687785184517e+01
5.843895930620e+01,5.687286874146e+01
5.850567044696e+01,5.686787942949e+01
5.857238158773e+01,5.686288390770e+01
5.863909272849e+01,5.685788217454e+01
5.870580386925e+01,5.685287422845e+01
5.877251501001e+01,5.684786006786e+01
5.883922615077e+01,5.684283969123e+01
5.890593729153e+01,5.683781309698e+01
5.897264843229e+01,5.683278028355e+01
5.903935957305e+01,5.682774124937e+01
5.910607071381e+01,5.682269599288e+01
5.917278185457e+01,5.681764451250e+01
5.923949299533e+01,5.681258680667e+01
5.930620413609e+01,5.680752287381e+01
5.937291527685e+01,5.680245271234e+01
5.943962641761e+01,5.679737632069e+01
5.950633755837e+01,5.679229369729e+01
5.957304869913e+01,5.678720484054e+01
5.963975983989e+01,5.678210974888e+01
5.970647098065e+01,5.677700842072e+01
5.977318212141e+01,5.677190085447e+01
5.983989326217e+01,5.676678704855e+01
5.990660440294e+01,5.676166700136e+01
5.997331554370e+01,5.675654071133e+01
6.004002668446e+01,5.675140817686e+01
6.010673782522e+01,5.674626939636e+01
6.017344896598e+01,5.674112436822e+01
6.024016010674e+01,5.673597309087e+01
6.030687124750e+01,5.673081556269e+01
6.037358238826e+01,5.672565178210e+01
6.044029352902e+01,5.672048174748e+01
6.050700466978e+01,5.671530545724e+01
6.057371581054e+01,5.671012290977e+01
6.064042695130e+01,5.670493410347e+01
6.070713809206e+01,5.669973903673e+01
6.077384923282e+01,5.669453770793e+01
6.084056037358e+01,5.668933011548e+01
6.090727151434e+01,5.668411625775e+01
6.097398265510e+01,5.667889613313e+01
6.104069379586e+01,5.667366974001e+01
6.110740493662e+01,5.666843707677e+01
6.117411607738e+01,5.666319814178e+01
6.124082721815e+01,5.665795293344e+01
6.130753835891e+01,5.665270145011e+01
6.137424949967e+01,5.664744369017e+01
6.144096064043e+01,5.664217965200e+01
6.150767178119e+01,5.663690933396e+01
6.157438292195e+01,5.663163273443e+01
6.164109406271e+01,5.662634985178e+01
6.170780520347e+01,5.662106068437e+01
6.177451634423e+01,5.661576523058e+01
6.184122748499e+01,5.661046348875e+01
6.190793862575e+01,5.660515545726e+01
6.197464976651e+01,5.659984113447e+01
6.204136090727e+01,5.659452051874e+01
6.210807204803e+01,5.658919360841e+01
6.217478318879e+01,5.658386040185e+01
6.224149432955e+01,5.657852089742e+01
6.230820547031e+01,5.657317509345e+01
6.237491661107e+01,5.656782298831e+01
6.244162775183e+01,5.656246458034e+01
6.250833889260e+01,5.655709986789e+01
6.257505003336e+01,5.655172884930e+01
6.264176117412e+01,5.654635152292e+01
6.270847231488e+01,5.654096788709e+01
6.277518345564e+01,5.653557794014e+01
6.284189459640e+01,5.653018168043e+01
6.290860573716e+01,5.652477910627e+01
6.297531687792e+01,5.651937021601e+01
6.304202801868e+01,5.651395500798e+01
6.310873915944e+01,5.650853348051e+01
6.317545030020e+01,5.650310563193e+01
6.324216144096e+01,5.649767146057e+01
6.330887258172e+01,5.649223096476e+01
6.337558372248e+01,5.648678414281e+01
6.344229486324e+01,5.648133099306e+01
6.350900600400e+01,5.647587151382e+01
6.357571714476e+01,5.647040570340e+01
6.364242828552e+01,5.646493356014e+01
6.370913942628e+01,5.645945508234e+01
6.377585056704e+01,5.645397026831e+01
6.384256170781e+01,5.644847911638e+01
6.390927284857e+01,5.644298162484e+01
6.397598398933e+01,5.643747779202e+01
6.404269513009e+01,5.643196761620e+01
6.410940627085e+01,5.642645109571e+01
6.417611741161e+01,5.642092822884e+01
6.424282855237e+01,5.641539901389e+01
6.430953969313e+01,5.640986344917e+01
6.437625083389e+01,5.640432153297e+01
6.444296197465e+01,5.639877326358e+01
6.450967311541e+01,5.639321863931e+01
6.457638425617e+01,5.638765765844e+01
6.464309539693e+01,5.638209031926e+01
6.470980653769e+01,5.637651662007e+01
6.477651767845e+01,5.637093655915e+01
6.484322881921e+01,5.636535013478e+01
6.490993995997e+01,5.635975734526e+01
6.497665110073e+01,5.635415818885e+01
6.504336224149e+01,5.634855266385e+01
6.511007338225e+01,5.634294076852e+01
6.517678452302e+01,5.633732250115e+01
6.524349566378e+01,5.633169786001e+01
6.531020680454e+01,5.632606684338e+01
6.537691794530e+01,5.632042944951e+01
6.544362908606e+01,5.631478567669e+01
6.551034022682e+01,5.630913552318e+01
6.557705136758e+01,5.630347898725e+01
6.564376250834e+01,5.629781606715e+01
6.571047364910e+01,5.629214676116e+01
6.577718478986e+01,5.628647106752e+01
6.584389593062e+01,5.628078898451e+01
6.591060707138e+01,5.627510051037e+01
6.597731821214e+01,5.626940564335e+01
6.604402935290e+01,5.626370438173e+01
6.611074049366e+01,5.625799672373e+01
6.617745163442e+01,5.625228266762e+01
6.624416277518e+01,5.624656221164e+01
6.631087391594e+01,5.624083535403e+01
6.637758505670e+01,5.623510209304e+01
6.644429619746e+01,5.622936242691e+01
6.651100733823e+01,5.622361635388e+01
6.657771847899e+01,5.621786387219e+01
6.664442961975e+01,5.621210498007e+01
6.671114076051e+01,5.620633967576e+01
6.677785190127e+01,5.620056795749e+01
6.684456304203e+01,5.619478982350e+01
6.691127418279e+01,5.618900527200e+01
6.697798532355e+01,5.618321430123e+01
6.704469646431e+01,5.617741690941e+01
6.711140760507e+01,5.617161309476e+01
6.717811874583e+01,5.616580285551e+01
6.724482988659e+01,5.615998618988e+01
6.731154102735e+01,5.615416309608e+01
6.737825216811e+01,5.614833357232e+01
6.744496330887e+01,5.614249761683e+01
6.751167444963e+01,5.613665522782e+01
6.757838559039e+01,5.613080640348e+01
6.764509673115e+01,5.612495114204e+01
6.771180787191e+01,5.611908944170e+01
6.777851901268e+01,5.611322130066e+01
6.784523015344e+01,5.610734671712e+01
6.791194129420e+01,5.610146568929e+01
6.797865243496e+01,5.609557821536e+01
6.804536357572e+01,5.608968429353e+01
6.811207471648e+01,5.608378392200e+01
6.817878585724e+01,5.607787709896e+01
6.824549699800e+01,5.607196382260e+01
6.831220813876e+01,5.606604409110e+01
6.837891927952e+01,5.606011790266e+01
6.844563042028e+01,5.605418525546e+01
6.851234156104e+01,5.604824614769e+01
6.857905270180e+01,5.604230057752e+01
6.864576384256e+01,5.603634854314e+01
6.871247498332e+01,5.603039004271e+01
6.877918612408e+01,5.602442507443e+01
6.884589726484e+01,5.601845363646e+01
6.891260840560e+01,5.601247572697e+01
6.897931954636e+01,5.600649134414e+01
6.904603068712e+01,5.600050048613e+01
6.911274182789e+01,5.599450315110e+01
6.917945296865e+01,5.598849933723e+01
6.924616410941e+01,5.598248904267e+01
6.931287525017e+01,5.597647226559e+01
6.937958639093e+01,5.597044900414e+01
6.944629753169e+01,5.596441925647e+01
6.951300867245e+01,5.595838302075e+01
6.957971981321e+01,5.595234029513e+01
6.964643095397e+01,5.594629107775e+01
6.971314209473e+01,5.594023536676e+01
6.977985323549e+01,5.593417316032e+01
6.984656437625e+01,5.592810445656e+01
6.991327551701e+01,5.592202925363e+01
6.997998665777e+01,5.591594754966e+01
7.004669779853e+01,5.590985934281e+01
7.011340893929e+01,5.590376463119e+01
7.018012008005e+01,5.589766341296e+01
7.024683122081e+01,5.589155568623e+01
7.031354236157e+01,5.588544144915e+01
7.038025350233e+01,5.587932069984e+01
7.044696464310e+01,5.587319343643e+01
7.051367578386e+01,5.586705965703e+01
7.058038692462e+01,5.586091935978e+01
7.064709806538e+01,5.585477254280e+01
7.071380920614e+01,5.584861920420e+01
7.078052034690e+01,5.584245934211e+01
7.084723148766e+01,5.583629295463e+01
7.091394262842e+01,5.583012003987e+01
7.098065376918e+01,5.582394059596e+01
7.104736490994e+01,5.581775462100e+01
7.111407605070e+01,5.581156211309e+01
7.118078719146e+01,5.580536307033e+01
7.124749833222e+01,5.579915749085e+01
7.131420947298e+01,5.579294537272e+01
7.138092061374e+01,5.578672671406e+01
7.144763175450e+01,5.578050151295e+01
7.151434289526e+01,5.577426976750e+01
7.158105403602e+01,5.576803147579e+01
7.164776517678e+01,5.576178663592e+01
7.171447631755e+01,5.575553524598e+01
7.178118745831e+01,5.574927730404e+01
7.184789859907e+01,5.574301280821e+01
7.191460973983e+01,5.573674175655e+01
7.198132088059e+01,5.573046414714e+01
7.204803202135e+01,5.572417997808e+01
7.211474316211e+01,5.571788924743e+01
7.218145430287e+01,5.571159195326e+01
7.224816544363e+01,5.570528809366e+01
7.231487658439e+01,5.569897766668e+01
7.238158772515e+01,5.569266067040e+01
7.244829886591e+01,5.568633710289e+01
7.251501000667e+01,5.568000696220e+01
7.258172114743e+01,5.567367024640e+01
7.264843228819e+01,5.566732695356e+01
7.271514342895e+01,5.566097708171e+01
7.278185456971e+01,5.565462062894e+01
7.284856571047e+01,5.564825759327e+01
7.291527685123e+01,5.564188797278e+01
7.298198799199e+01,5.563551176550e+01
7.304869913276e+01,5.562912896949e+01
7.311541027352e+01,5.562273958278e+01
7.318212141428e+01,5.561634360343e+01
7.324883255504e+01,5.560994102948e+01
7.331554369580e+01,5.560353185895e+01
7.338225483656e+01,5.559711608990e+01
7.344896597732e+01,5.559069372035e+01
7.351567711808e+01,5.558426474833e+01
7.358238825884e+01,5.557782917189e+01
7.364909939960e+01,5.557138698903e+01
7.371581054036e+01,5.556493819781e+01
7.378252168112e+01,5.555848279622e+01
7.384923282188e+01,5.555202078231e+01
7.391594396264e+01,5.554555215408e+01
7.398265510340e+01,5.553907690957e+01
7.404936624416e+01,5.553259504677e+01
7.411607738492e+01,5.552610656371e+01
7.418278852568e+01,5.551961145839e+01
7.424949966644e+01,5.551310972883e+01
7.431621080720e+01,5.550660137304e+01
7.438292194797e+01,5.550008638901e+01
7.444963308873e+01,5.549356477475e+01
7.451634422949e+01,5.548703652827e+01
7.458305537025e+01,5.548050164755e+01
7.464976651101e+01,5.547396013061e+01
7.471647765177e+01,5.546741197542e+01
7.478318879253e+01,5.546085717999e+01
7.484989993329e+01,5.545429574230e+01
7.491661107405e+01,5.544772766034e+01
7.498332221481e+01,5.544115293210e+01
7.505003335557e+01,5.543457155556e+01
7.511674449633e+01,5.542798352870e+01
7.518345563709e+01,5.542138884950e+01
7.525016677785e+01,5.541478751594e+01
7.531687791861e+01,5.540817952599e+01
7.538358905937e+01,5.540156487763e+01
7.545030020013e+01,5.539494356882e+01
7.551701134089e+01,5.538831559754e+01
7.558372248165e+01,5.538168096174e+01
7.565043362241e+01,5.537503965940e+01
7.571714476318e+01,5.536839168847e+01
7.578385590394e+01,5.536173704692e+01
7.585056704470e+01,5.535507573270e+01
7.591727818546e+01,5.534840774377e+01
7.598398932622e+01,5.534173307807e+01
7.605070046698e+01,5.533505173357e+01
7.611741160774e+01,5.532836370820e+01
7.618412274850e+01,5.532166899992e+01
7.625083388926e+01,5.531496760667e+01
7.631754503002e+01,5.530825952638e+01
7.638425617078e+01,5.530154475701e+01
7.645096731154e+01,5.529482329648e+01
7.651767845230e+01,5.528809514274e+01
7.658438959306e+01,5.528136029371e+01
7.665110073382e+01,5.527461874733e+01
7.671781187458e+01,5.526787050152e+01
7.678452301534e+01,5.526111555421e+01
7.685123415610e+01,5.525435390333e+01
7.691794529686e+01,5.524758554679e+01
7.698465643763e+01,5.524081048251e+01
7.705136757839e+01,5.523402870842e+01
7.711807871915e+01,5.522724022242e+01
7.718478985991e+01,5.522044502243e+01
7.725150100067e+01,5.521364310637e+01
7.731821214143e+01,5.520683447213e+01
7.738492328219e+01,5.520001911762e+01
7.745163442295e+01,5.519319704075e+01
7.751834556371e+01,5.518636823942e+01
7.758505670447e+01,5.517953271152e+01
7.765176784523e+01,5.517269045496e+01
7.771847898599e+01,5.516584146763e+01
7.778519012675e+01,5.515898574741e+01
7.785190126751e+01,5.515212329221e+01
7.791861240827e+01,5.514525409991e+01
7.798532354903e+01,5.513837816838e+01
7.805203468979e+01,5.513149549553e+01
7.811874583055e+01,5.512460607922e+01
7.818545697131e+01,5.511770991733e+01
7.825216811207e+01,5.511080700774e+01
7.831887925284e+01,5.510389734833e+01
7.838559039360e+01,5.509698093697e+01
7.845230153436e+01,5.509005777151e+01
7.851901267512e+01,5.508312784984e+01
7.858572381588e+01,5.507619116982e+01
7.865243495664e+01,5.506924772930e+01
7.871914609740e+01,5.506229752615e+01
7.878585723816e+01,5.505534055823e+01
7.885256837892e+01,5.504837682339e+01
7.891927951968e+01,5.504140631948e+01
7.898599066044e+01,5.503442904435e+01
7.905270180120e+01,5.502744499585e+01
7.911941294196e+01,5.502045417183e+01
7.918612408272e+01,5.501345657013e+01
7.925283522348e+01,5.500645218859e+01
7.931954636424e+01,5.499944102506e+01
7.938625750500e+01,5.499242307735e+01
7.945296864576e+01,5.498539834332e+01
7.951967978652e+01,5.497836682079e+01
7.958639092728e+01,5.497132850759e+01
7.965310206805e+01,5.496428340155e+01
7.971981320881e+01,5.495723150049e+01
7.978652434957e+01,5.495017280224e+01
7.985323549033e+01,5.494310730460e+01
7.991994663109e+01,5.493603500541e+01
7.998665777185e+01,5.492895590248e+01
8.005336891261e+01,5.492186999361e+01
8.012008005337e+01,5.491477727662e+01
8.018679119413e+01,5.490767774932e+01
8.025350233489e+01,5.490057140951e+01
8.032021347565e+01,5.489345825499e+01
8.038692461641e+01,5.488633828357e+01
8.045363575717e+01,5.487921149304e+01
8.052034689793e+01,5.487207788120e+01
8.058705803869e+01,5.486493744585e+01
8.065376917945e+01,5.485779018476e+01
8.072048032021e+01,5.485063609573e+01
8.078719146097e+01,5.484347517655e+01
8.085390260173e+01,5.483630742501e+01
8.092061374249e+01,5.482913283887e+01
8.098732488326e+01,5.482195141592e+01
8.105403602402e+01,5.481476315394e+01
8.112074716478e+01,5.480756805070e+01
8.118745830554e+01,5.480036610397e+01
8.125416944630e+01,5.479315731152e+01
8.132088058706e+01,5.478594167112e+01
8.138759172782e+01,5.477871918052e+01
8.145430286858e+01,5.477148983750e+01
8.152101400934e+01,5.476425363981e+01
8.158772515010e+01,5.475701058521e+01
8.165443629086e+01,5.474976067145e+01
8.172114743162e+01,5.474250389628e+01
8.178785857238e+01,5.473524025745e+01
8.185456971314e+01,5.472796975272e+01
8.192128085390e+01,5.472069237981e+01
8.198799199466e+01,5.471340813648e+01
8.205470313542e+01,5.470611702047e+01
8.212141427618e+01,5.469881902950e+01
8.218812541694e+01,5.469151416132e+01
8.225483655771e+01,5.468420241365e+01
8.232154769847e+01,5.467688378423e+01
8.238825883923e+01,5.466955827079e+01
8.245496997999e+01,5.466222587104e+01
8.252168112075e+01,5.465488658270e+01
8.258839226151e+01,5.464754040350e+01
8.265510340227e+01,5.464018733116e+01
8.272181454303e+01,5.463282736338e+01
8.278852568379e+01,5.462546049789e+01
8.285523682455e+01,5.461808673238e+01
8.292194796531e+01,5.461070606456e+01
8.298865910607e+01,5.460331849215e+01
8.305537024683e+01,5.459592401283e+01
8.312208138759e+01,5.458852262431e+01
8.318879252835e+01,5.458111432429e+01
8.325550366911e+01,5.457369911045e+01
8.332221480987e+01,5.456627698050e+01
8.338892595063e+01,5.455884793211e+01
8.345563709139e+01,5.455141196298e+01
8.352234823215e+01,5.454396907078e+01
8.358905937292e+01,5.453651925321e+01
8.365577051368e+01,5.452906250793e+01
8.372248165444e+01,5.452159883262e+01
8.378919279520e+01,5.451412822496e+01
8.385590393596e+01,5.450665068261e+01
8.392261507672e+01,5.449916620325e+01
8.398932621748e+01,5.449167478454e+01
8.405603735824e+01,5.448417642414e+01
8.412274849900e+01,5.447667111971e+01
8.418945963976e+01,5.446915886892e+01
8.425617078052e+01,5.446163966941e+01
8.432288192128e+01,5.445411351883e+01
8.438959306204e+01,5.444658041484e+01
8.445630420280e+01,5.443904035509e+01
8.452301534356e+01,5.443149333722e+01
8.458972648432e+01,5.442393935887e+01
8.465643762508e+01,5.441637841767e+01
8.472314876584e+01,5.440881051128e+01
8.478985990660e+01,5.440123563731e+01
8.485657104736e+01,5.439365379340e+01
8.492328218813e+01,5.438606497719e+01
8.498999332889e+01,5.437846918629e+01
8.505670446965e+01,5.437086641834e+01
8.512341561041e+01,5.436325667094e+01
8.519012675117e+01,5.435563994172e+01
8.525683789193e+01,5.434801622830e+01
8.532354903269e+01,5.434038552828e+01
8.539026017345e+01,5.433274783928e+01
8.545697131421e+01,5.432510315890e+01
8.552368245497e+01,5.431745148475e+01
8.559039359573e+01,5.430979281444e+01
8.565710473649e+01,5.430212714555e+01
8.572381587725e+01,5.429445447569e+01
8.579052701801e+01,5.428677480246e+01
8.585723815877e+01,5.427908812343e+01
8.592394929953e+01,5.427139443620e+01
8.599066044029e+01,5.426369373837e+01
8.605737158105e+01,5.425598602750e+01
8.612408272181e+01,5.424827130118e+01
8.619079386258e+01,5.424054955699e+01
8.625750500334e+01,5.423282079250e+01
8.632421614410e+01,5.422508500529e+01
8.639092728486e+01,5.421734219292e+01
8.645763842562e+01,5.420959235297e+01
8.652434956638e+01,5.420183548299e+01
8.659106070714e+01,5.419407158055e+01
8.665777184790e+01,5.418630064320e+01
8.672448298866e+01,5.417852266851e+01
8.679119412942e+01,5.417073765402e+01
8.685790527018e+01,5.416294559728e+01
8.692461641094e+01,5.415514649585e+01
8.699132755170e+01,5.414734034726e+01
8.705803869246e+01,5.413952714907e+01
8.712474983322e+01,5.413170689880e+01
8.719146097398e+01,5.412387959400e+01
8.725817211474e+01,5.411604523220e+01
8.732488325550e+01,5.410820381093e+01
8.739159439626e+01,5.410035532772e+01
8.745830553702e+01,5.409249978009e+01
8.752501667779e+01,5.408463716556e+01
8.759172781855e+01,5.407676748167e+01
8.765843895931e+01,5.406889072591e+01
8.772515010007e+01,5.406100689582e+01
8.779186124083e+01,5.405311598889e+01
8.785857238159e+01,5.404521800264e+01
8.792528352235e+01,5.403731293457e+01
8.799199466311e+01,5.402940078219e+01
8.805870580387e+01,5.402148154300e+01
8.812541694463e+01,5.401355521448e+01
8.819212808539e+01,5.400562179415e+01
8.825883922615e+01,5.399768127949e+01
8.832555036691e+01,5.398973366798e+01
8.839226150767e+01,5.398177895712e+01
8.845897264843e+01,5.397381714438e+01
8.852568378919e+01,5.396584822726e+01
8.859239492995e+01,5.395787220321e+01
8.865910607071e+01,5.394988906973e+01
8.872581721147e+01,5.394189882428e+01
8.879252835223e+01,5.393390146432e+01
8.885923949300e+01,5.392589698734e+01
8.892595063376e+01,5.391788539078e+01
8.899266177452e+01,5.390986667211e+01
8.905937291528e+01,5.390184082879e+01
8.912608405604e+01,5.389380785826e+01
8.919279519680e+01,5.388576775799e+01
8.925950633756e+01,5.387772052542e+01
8.932621747832e+01,5.386966615800e+01
8.939292861908e+01,5.386160465316e+01
8.945963975984e+01,5.385353600835e+01
8.952635090060e+01,5.384546022101e+01
8.959306204136e+01,5.383737728857e+01
8.965977318212e+01,5.382928720845e+01
8.972648432288e+01,5.382118997810e+01
8.979319546364e+01,5.381308559493e+01
8.985990660440e+01,5.380497405637e+01
8.992661774516e+01,5.379685535983e+01
8.999332888592e+01,5.378872950273e+01
9.006004002668e+01,5.378059648249e+01
9.012675116744e+01,5.377245629652e+01
9.019346230821e+01,5.376430894221e+01
9.026017344897e+01,5.375615441699e+01
9.032688458973e+01,5.374799271825e+01
9.039359573049e+01,5.373982384338e+01
9.046030687125e+01,5.373164778979e+01
9.052701801201e+01,5.372346455486e+01
9.059372915277e+01,5.371527413599e+01
9.066044029353e+01,5.370707653056e+01
9.072715143429e+01,5.369887173596e+01
9.079386257505e+01,5.369065974957e+01
9.086057371581e+01,5.368244056876e+01
9.092728485657e+01,5.367421419091e+01
9.099399599733e+01,5.366598061340e+01
9.106070713809e+01,5.365773983358e+01
9.112741827885e+01,5.364949184883e+01
9.119412941961e+01,5.364123665650e+01
9.126084056037e+01,5.363297425397e+01
9.132755170113e+01,5.362470463858e+01
9.139426284189e+01,5.361642780769e+01
9.146097398266e+01,5.360814375864e+01
9.152768512342e+01,5.359985248879e+01
9.159439626418e+01,5.359155399548e+01
9.166110740494e+01,5.358324827606e+01
9.172781854570e+01,5.357493532785e+01
9.179452968646e+01,5.356661514820e+01
9.186124082722e+01,5.355828773443e+01
9.192795196798e+01,5.354995308389e+01
9.199466310874e+01,5.354161119388e+01
9.206137424950e+01,5.353326206174e+01
9.212808539026e+01,5.352490568478e+01
9.219479653102e+01,5.351654206033e+01
9.226150767178e+01,5.350817118569e+01
9.232821881254e+01,5.349979305818e+01
9.239492995330e+01,5.349140767510e+01
9.246164109406e+01,5.348301503376e+01
9.252835223482e+01,5.347461513146e+01
9.259506337558e+01,5.346620796550e+01
9.266177451634e+01,5.345779353316e+01
9.272848565710e+01,5.344937183175e+01
9.279519679787e+01,5.344094285856e+01
9.286190793863e+01,5.343250661086e+01
9.292861907939e+01,5.342406308594e+01
9.299533022015e+01,5.341561228109e+01
9.306204136091e+01,5.340715419357e+01
9.312875250167e+01,5.339868882065e+01
9.319546364243e+01,5.339021615962e+01
9.326217478319e+01,5.338173620773e+01
9.332888592395e+01,5.337324896226e+01
9.339559706471e+01,5.336475442045e+01
9.346230820547e+01,5.335625257957e+01
9.352901934623e+01,5.334774343686e+01
9.359573048699e+01,5.333922698959e+01
9.366244162775e+01,5.333070323500e+01
9.372915276851e+01,5.332217217033e+01
9.379586390927e+01,5.331363379283e+01
9.386257505003e+01,5.330508809973e+01
9.392928619079e+01,5.329653508826e+01
9.399599733155e+01,5.328797475566e+01
9.406270847231e+01,5.327940709917e+01
9.412941961308e+01,5.327083211599e+01
9.419613075384e+01,5.326224980335e+01
9.426284189460e+01,5.325366015848e+01
9.432955303536e+01,5.324506317859e+01
9.439626417612e+01,5.323645886089e+01
9.446297531688e+01,5.322784720258e+01
9.452968645764e+01,5.321922820088e+01
9.459639759840e+01,5.321060185299e+01
9.466310873916e+01,5.320196815610e+01
9.472981987992e+01,5.319332710742e+01
9.479653102068e+01,5.318467870413e+01
9.486324216144e+01,5.317602294342e+01
9.492995330220e+01,5.316735982248e+01
9.499666444296e+01,5.315868933850e+01
9.506337558372e+01,5.315001148864e+01
9.513008672448e+01,5.314132627010e+01
9.519679786524e+01,5.313263368003e+01
9.526350900600e+01,5.312393371562e+01
9.533022014676e+01,5.311522637402e+01
9.539693128753e+01,5.310651165240e+01
9.546364242829e+01,5.309778954792e+01
9.553035356905e+01,5.308906005773e+01
9.559706470981e+01,5.308032317899e+01
9.566377585057e+01,5.307157890885e+01
9.573048699133e+01,5.306282724445e+01
9.579719813209e+01,5.305406818294e+01
9.586390927285e+01,5.304530172145e+01
9.593062041361e+01,5.303652785713e+01
9.599733155437e+01,5.302774658710e+01
9.606404269513e+01,5.301895790849e+01
9.613075383589e+01,5.301016181843e+01
9.619746497665e+01,5.300135831405e+01
9.626417611741e+01,5.299254739246e+01
9.633088725817e+01,5.298372905077e+01
9.639759839893e+01,5.297490328611e+01
9.646430953969e+01,5.296607009558e+01
9.653102068045e+01,5.295722947627e+01
9.659773182121e+01,5.294838142531e+01
9.666444296197e+01,5.293952593978e+01
9.673115410274e+01,5.293066301679e+01
9.679786524350e+01,5.292179265341e+01
9.686457638426e+01,5.291291484675e+01
9.693128752502e+01,5.290402959389e+01
9.699799866578e+01,5.289513689190e+01
9.706470980654e+01,5.288623673787e+01
9.713142094730e+01,5.287732912887e+01
9.719813208806e+01,5.286841406197e+01
9.726484322882e+01,5.285949153425e+01
9.733155436958e+01,5.285056154276e+01
9.739826551034e+01,5.284162408456e+01
9.746497665110e+01,5.283267915672e+01
9.753168779186e+01,5.282372675628e+01
9.759839893262e+01,5.281476688030e+01
9.766511007338e+01,5.280579952583e+01
9.773182121414e+01,5.279682468990e+01
9.779853235490e+01,5.278784236956e+01
9.786524349566e+01,5.277885256185e+01
9.793195463642e+01,5.276985526379e+01
9.799866577718e+01,5.276085047241e+01
9.806537691795e+01,5.275183818475e+01
9.813208805871e+01,5.274281839783e+01
9.819879919947e+01,5.273379110866e+01
9.826551034023e+01,5.272475631425e+01
9.833222148099e+01,5.271571401163e+01
9.839893262175e+01,5.270666419779e+01
9.846564376251e+01,5.269760686975e+01
9.853235490327e+01,5.268854202450e+01
9.859906604403e+01,5.267946965904e+01
9.866577718479e+01,5.267038977036e+01
9.873248832555e+01,5.266130235546e+01
9.879919946631e+01,5.265220741132e+01
9.886591060707e+01,5.264310493493e+01
9.893262174783e+01,5.263399492326e+01
9.899933288859e+01,5.262487737329e+01
9.906604402935e+01,5.261575228199e+01
9.913275517011e+01,5.260661964634e+01
9.919946631087e+01,5.259747946329e+01
9.926617745163e+01,5.258833172980e+01
9.933288859239e+01,5.257917644284e+01
9.939959973316e+01,5.257001359937e+01
9.946631087392e+01,5.256084319632e+01
9.953302201468e+01,5.255166523064e+01
9.959973315544e+01,5.254247969929e+01
9.966644429620e+01,5.253328659919e+01
9.973315543696e+01,5.252408592729e+01
9.979986657772e+01,5.251487768052e+01
9.986657771848e+01,5.250566185580e+01
9.993328885924e+01,5.249643845006e+01
1.000000000000e+02,5.248720746022e+01
